{
	"format_version": "1.8.0",
	"animations": {
		"transform": {
			"animation_length": 6.9167,
			"bones": {
				"head": {
					"rotation": {
						"0.0": {
							"vector": [35.93866, -12.2403, -8.73739]
						},
						"0.7917": {
							"vector": [-2.5, 0, 0]
						},
						"1.5833": {
							"pre": [0, 0, 0],
							"post": [32.5, 0, 0]
						},
						"2.5833": {
							"vector": [32.5, 0, 0]
						},
						"3.5": {
							"vector": [0, 15, 0]
						},
						"4.4167": {
							"vector": [0, 52.5, 0]
						},
						"4.875": {
							"vector": [0, 52.5, 0]
						},
						"5.0417": {
							"vector": [12.5, -30, 0]
						}
					}
				},
				"left_leg": {
					"rotation": {
						"0.0": {
							"vector": [-15, 0, 0]
						},
						"0.7917": {
							"vector": [0, 0, -15]
						},
						"1.5833": {
							"pre": [0, 0, -15],
							"post": [-45, 0, 0]
						},
						"2.5833": {
							"vector": [-30, 0, 0]
						},
						"3.5": {
							"vector": [0, 0, 0]
						},
						"4.4167": {
							"vector": [25, 0, 0]
						},
						"4.875": {
							"vector": [25, 0, 0]
						},
						"5.0417": {
							"vector": [0, 0, 0]
						}
					}
				},
				"left_arm": {
					"rotation": {
						"0.0": {
							"vector": [-17.99835, 31.16686, 41.30425]
						},
						"0.5833": {
							"vector": [-23.28627, 27.62991, 30.56099]
						},
						"0.7917": {
							"vector": [13.44698, -33.20351, -130.16374]
						},
						"1.5833": {
							"pre": [13.44698, -33.20351, -130.16374],
							"post": [-22.5, 0, 0]
						},
						"2.5833": {
							"vector": [-22.5, 0, 0]
						},
						"3.5": {
							"vector": [0, 0, 0]
						},
						"4.4167": {
							"vector": [12.5, 0, 0]
						},
						"4.875": {
							"vector": [12.5, 0, 0]
						},
						"5.0417": {
							"vector": [-17.5, 0, -30]
						}
					}
				},
				"body": {
					"rotation": {
						"0.0": {
							"vector": [15, 37.5, 0]
						},
						"0.5833": {
							"vector": [10, 37.5, 0]
						},
						"0.7917": {
							"vector": [0, 0, 0]
						},
						"1.5833": {
							"pre": [0, 0, 0],
							"post": [-135, -42.5, 180]
						},
						"2.5833": {
							"vector": [-150, -42.5, 180]
						},
						"3.5": {
							"vector": [-180, -37.5, 180]
						},
						"4.4167": {
							"vector": [-207.5, -70, 180]
						},
						"4.875": {
							"vector": [-207.5, -70, 180]
						},
						"5.0417": {
							"pre": [-180, -210, 180],
							"post": [0, 30, 0]
						}
					},
					"position": {
						"0.0": {
							"vector": [0, 0, 0]
						},
						"0.5833": {
							"vector": [0, 10, 0]
						},
						"1.5833": {
							"pre": [0, 10, 0],
							"post": [4, 10, 4]
						},
						"2.5833": {
							"vector": [4, 10, 4]
						},
						"3.5": {
							"vector": [0, 10, 0]
						},
						"4.4167": {
							"vector": [-3, 10, 0]
						},
						"4.875": {
							"vector": [-3, 10, 0]
						},
						"5.0417": {
							"vector": [0, 10, 0]
						},
						"5.7083": {
							"vector": [0, 9, 0]
						},
						"6.3333": {
							"vector": [0, 10, 0]
						}
					}
				},
				"right_leg": {
					"rotation": {
						"0.0": {
							"vector": [-15, 0, 0]
						},
						"0.7917": {
							"vector": [0, 0, 15]
						},
						"1.5833": {
							"pre": [0, 0, 15],
							"post": [-45, 0, 0]
						},
						"2.5833": {
							"vector": [-30, 0, 0]
						},
						"3.5": {
							"vector": [0, 0, 0]
						},
						"4.4167": {
							"vector": [25, 0, 0]
						},
						"4.875": {
							"vector": [25, 0, 0]
						},
						"5.0417": {
							"vector": [0, 0, -10]
						}
					},
					"position": {
						"4.875": {
							"vector": [0, 0, 0]
						},
						"5.0417": {
							"vector": [0, 2, -1]
						}
					}
				},
				"right_arm": {
					"rotation": {
						"0.0": {
							"vector": [-15, 0, 17.5]
						},
						"1.5833": {
							"pre": [-15, 0, 17.5],
							"post": [-52.5, 0, 0]
						},
						"2.5833": {
							"vector": [-52.5, 0, 0]
						},
						"3.5": {
							"vector": [-64.76198, -5.94383, -4.58217]
						},
						"4.4167": {
							"vector": [-87.26198, -5.94383, -4.58217]
						},
						"4.875": {
							"vector": [-87.26198, -5.94383, -4.58217]
						},
						"5.0417": {
							"vector": [-31.40319, 7.98133, 15.62489]
						}
					}
				}
			},
			"sound_effects": {
				"0.0": {
					"effect": "phainonultse"
				}
			}
		},
		"basicattack": {
			"animation_length": 3.5,
			"bones": {
				"head": {
					"rotation": {
						"0.0": {
							"vector": [0, 0, 0]
						},
						"0.5": {
							"vector": [0, 0, 0]
						},
						"1.0": {
							"vector": [0, 57.5, 0]
						}
					}
				},
				"left_leg": {
					"rotation": {
						"0.0": {
							"vector": [0, 0, 0]
						},
						"0.5": {
							"vector": [10, 0, 0]
						},
						"1.0": {
							"vector": [0, 0, -22.5]
						}
					},
					"position": {
						"0.0": {
							"vector": [0, 0, 0]
						},
						"0.5": {
							"vector": [0, 2, -3]
						},
						"1.0": {
							"vector": [0, 0, 0]
						}
					}
				},
				"left_arm": {
					"rotation": {
						"0.0": {
							"vector": [0, 0, 0]
						},
						"0.5": {
							"vector": [-40, 0, 0]
						}
					}
				},
				"body": {
					"rotation": {
						"0.0": {
							"vector": [0, 0, 0]
						},
						"0.5": {
							"vector": [15, 0, 0]
						},
						"1.0": {
							"vector": [25.03987, -52.30155, -20.28592]
						}
					},
					"position": {
						"0.5": {
							"vector": [0, 10, 0]
						},
						"1.0": {
							"vector": [0, 10, -19]
						}
					}
				},
				"right_leg": {
					"rotation": {
						"0.0": {
							"vector": [20, 0, 0]
						},
						"1.0": {
							"vector": [35, 0, 0]
						}
					},
					"position": {
						"0.0": {
							"vector": [0, 0, -1]
						},
						"1.0": {
							"vector": [0, 0, -1]
						}
					}
				},
				"right_arm": {
					"rotation": {
						"0.0": {
							"vector": [0, 0, 85]
						},
						"0.5": {
							"vector": [60, 0, 57.5]
						},
						"1.0": {
							"vector": [-32.28217, 12.46968, 96.13003]
						}
					}
				}
			}
		},
		"skill1": {
			"animation_length": 4.5,
			"bones": {
				"head": {
					"rotation": {
						"0.0": {
							"vector": [7.5, -37.5, 0]
						},
						"0.625": {
							"vector": [0, -37.5, 0]
						},
						"1.8333": {
							"vector": [-5, 0, 0]
						}
					}
				},
				"left_leg": {
					"rotation": {
						"0.0": {
							"vector": [0, 0, -20]
						},
						"0.625": {
							"vector": [0, 0, -20]
						},
						"1.8333": {
							"vector": [17.5, 0, 0]
						}
					},
					"position": {
						"0.0": {
							"vector": [0, 0, 0]
						},
						"0.625": {
							"vector": [0, 0, 0]
						},
						"1.8333": {
							"vector": [0, 3, -3]
						}
					}
				},
				"left_arm": {
					"rotation": {
						"0.0": {
							"vector": [-49.87472, -31.26463, -9.36302]
						},
						"0.625": {
							"vector": [-49.87472, -31.26463, -9.36302]
						},
						"1.8333": {
							"vector": [83.4378, -51.20347, -110.52719]
						}
					}
				},
				"body": {
					"rotation": {
						"0.0": {
							"vector": [0, 140, 0]
						},
						"0.625": {
							"vector": [0, 140, -30]
						},
						"1.8333": {
							"vector": [-7.5, 0, 0]
						}
					},
					"position": {
						"vector": [0, 8, 0]
					}
				},
				"right_leg": {
					"rotation": {
						"0.0": {
							"vector": [-30, 0, 2.5]
						},
						"0.625": {
							"vector": [-30, 0, 2.5]
						},
						"1.25": {
							"vector": [-9.81257, 4.03796, 23.36013]
						},
						"1.8333": {
							"vector": [7.5, 0, 0]
						}
					}
				},
				"right_arm": {
					"rotation": {
						"0.0": {
							"vector": [77.49263, 0, 122.58776]
						},
						"0.625": {
							"vector": [77.49263, 0, 122.58776]
						},
						"1.8333": {
							"vector": [-109.61324, 0, 2.33863]
						},
						"2.25": {
							"vector": [-117.11324, 0, 2.33863]
						}
					}
				}
			},
			"sound_effects": {
				"0.0": {
					"effect": "phainonskill1se"
				}
			}
		},
		"skill2": {
			"animation_length": 3,